{
  "dashboard": {
    "title": "DevOps Microservices - Overview",
    "tags": ["microservices", "devops"],
    "timezone": "browser",
    "panels": [
      {
        "title": "Request Rate",
        "type": "graph",
        "gridPos": {"h": 8, "w": 12, "x": 0, "y": 0},
        "targets": [
          {
            "expr": "rate(http_requests_total[5m])",
            "legendFormat": "{{job}} - {{method}}"
          }
        ]
      },
      {
        "title": "Error Rate",
        "type": "graph",
        "gridPos": {"h": 8, "w": 12, "x": 12, "y": 0},
        "targets": [
          {
            "expr": "rate(http_requests_total{status=~\"5..\"}[5m])",
            "legendFormat": "{{job}} - 5xx errors"
          }
        ]
      },
      {
        "title": "Response Time (p95)",
        "type": "graph",
        "gridPos": {"h": 8, "w": 12, "x": 0, "y": 8},
        "targets": [
          {
            "expr": "histogram_quantile(0.95, rate(http_request_duration_seconds_bucket[5m]))",
            "legendFormat": "{{job}}"
          }
        ]
      },
      {
        "title": "Service Health",
        "type": "stat",
        "gridPos": {"h": 8, "w": 12, "x": 12, "y": 8},
        "targets": [
          {
            "expr": "up",
            "legendFormat": "{{job}}"
          }
        ]
      }
    ]
  }
}
