<?xml version='1.1' encoding='UTF-8'?>
<flow-definition plugin="workflow-job@2.40">
  <description>CI/CD Pipeline for DevOps Microservices Project</description>
  <keepDependencies>false</keepDependencies>
  <properties>
    <org.jenkinsci.plugins.workflow.job.properties.PipelineTriggersJobProperty>
      <triggers>
        <hudson.triggers.SCMTrigger>
          <spec>H/5 * * * *</spec>
          <ignorePostCommitHooks>false</ignorePostCommitHooks>
        </hudson.triggers.SCMTrigger>
      </triggers>
    </org.jenkinsci.plugins.workflow.job.properties.PipelineTriggersJobProperty>
  </properties>
  <definition class="org.jenkinsci.plugins.workflow.cps.CpsScmFlowDefinition" plugin="workflow-cps@2.87">
    <scm class="hudson.plugins.git.GitSCM" plugin="git@4.7.1">
      <configVersion>2</configVersion>
      <userRemoteConfigs>
        <hudson.plugins.git.UserRemoteConfig>
          <url>https://github.com/your-username/devops-microservices-project.git</url>
          <credentialsId>github-credentials</credentialsId>
        </hudson.plugins.git.UserRemoteConfig>
      </userRemoteConfigs>
      <branches>
        <hudson.plugins.git.BranchSpec>
          <name>*/main</name>
        </hudson.plugins.git.BranchSpec>
        <hudson.plugins.git.BranchSpec>
          <name>*/develop</name>
        </hudson.plugins.git.BranchSpec>
      </branches>
      <doGenerateSubmoduleConfigurations>false</doGenerateSubmoduleConfigurations>
      <submoduleCfg class="list"/>
      <extensions/>
    </scm>
    <scriptPath>Jenkinsfile</scriptPath>
    <lightweight>true</lightweight>
  </definition>
  <triggers/>
  <disabled>false</disabled>
</flow-definition>
